{
  "assetsByChunkName": {
    "vendors~app-account~app-confirmation~app-order": "chunk.465c7e39eb34dad23b92.js",
    "vendors~app-account~app-checkout": "chunk.168aa5ffd3809e8825cd.js",
    "vendors~app-cart~app-checkout": "chunk.bae688d75d680eb416d5.js",
    "admin": [
      "admin.ca9d7dea33ce1b50a7cb.js",
      "admin.ca9d7dea33ce1b50a7cb.js.map"
    ],
    "app-account": "chunk.216e73324e6eeab9fb8b.js",
    "app-cart": "chunk.2054d17947ee35770b23.js",
    "app-checkout": "chunk.3c6623f881b17693e5c8.js",
    "app-confirmation": "chunk.67b4d3383a9a471d5dcd.js",
    "app-order": "chunk.d6a925786641e6c6cedb.js",
    "checkout": [
      "checkout.ca166972e3f7658be8a1.js",
      "checkout.ca166972e3f7658be8a1.js.map"
    ],
    "storefront": [
      "storefront.2fc93cc90d61be025cb7.css",
      "storefront.083a68259abc0658b8f6.js",
      "storefront.2fc93cc90d61be025cb7.css.map",
      "storefront.083a68259abc0658b8f6.js.map"
    ],
    "vendors~app-account": "chunk.ae01478536b6ce6ce9ea.js",
    "vendors~app-cart": "chunk.7b66ac58a5fee9023e37.js",
    "vendors~app-checkout": "chunk.0f3ad2a508bfbe7ddbfe.js"
  }
}