{
  "title": "Formas de pagamento",
  "meta_title": "Formas de pagamento",
  "meta_description": "Formas de pagamento",
  "body": "## **Política de Pagamento**\n\n<!--StartFragment--><br>\n\n* **Cartão de crédito**\\\n  Sujeito a aprovação entre quatro (4) e setenta e duas (72) horas úteis.\\\n  2x acima de R$100,00\\\n  3x acima de R$150,00\\\n  4x acima de R$250,00\\\n  5x acima de R$300,00\\\n  6x acima de R$350,00\\\n  (parcela mínima de 50,00)\\\n  <br>\n* **Pix** \\\n  Em até uma hora após o pagamento. \\\n  <br>\n* **Boleto Bancário**\\\n  Após a compensação que pode ocorrer em até 2 dias úteis.\n\nDeste modo, caso tenha urgência no recebimento da entrega, sugerimos efetuar o pagamento via Cartão de Crédito ou Pix.\n\nAs postagens ocorrem de segunda à sexta-feira das 8h às 17h. Em algumas faixas de CEP de algumas cidades, pode haver entregas aos sábados em horário comercial. Em casos de endereço errado ou você esteja ausente ou havendo necessidade de confirmar endereço e/ou nome do destinatário, ou mesmo na hipótese do pedido ficar retido para análise e validação dos órgãos competentes, o prazo de entrega é pausado\n\n<!--EndFragment-->",
  "sections": []
}