{
  "sections": [
    {
      "type": "banner-slider",
      "autoplay": 5000,
      "full_width": true,
      "slides": [
        {
          "start": "2025-06-02T17:28:00.000Z",
          "end": "2025-06-11T02:59:00.000Z",
          "img": "/img/uploads/neutro_bnr_jun_sem1_namorados_01.jpg",
          "link": "https://loja.festpan.com.br/p/sb1-caixote?utm_source=site&utm_medium=banner&utm_campaign=Caixasdecoração"
        },
        {
          "start": "2025-06-02T17:28:00.000Z",
          "end": "2025-06-11T02:59:00.000Z",
          "img": "/img/uploads/neutro_bnr_jun_sem1_namorados_02.jpg",
          "link": "https://loja.festpan.com.br/search?term=p%C3%B3+decorativo?utm_source=site&utm_medium=banner&utm_campaign=Pósdecorativos"
        },
        {
          "start": "2025-06-02T17:28:00.000Z",
          "end": "2025-06-11T02:59:00.000Z",
          "img": "/img/uploads/neutro_bnr_jun_sem1_namorados_03.jpg",
          "link": "https://loja.festpan.com.br/p/pastadabella?utm_source=site&utm_medium=banner&utm_campaign=pastadabella"
        },
        {
          "start": "2025-06-02T17:30:00.000Z",
          "end": "2025-06-16T02:59:02.004Z",
          "img": "/img/uploads/neutro_bnr_jun_sem1_namorados_04.jpg",
          "link": "https://loja.festpan.com.br/search?term=namorados&utm_source=site&utm_medium=banner&utm_campaign=Namorados%3Futm_source%3Dsite&utm_medium=banner&utm_campaign=Namorados"
        }
      ]
    },
    {
      "type": "info-bar",
      "enabled": true
    },
    {
      "type": "collection-shelf",
      "shuffle": true,
      "limit": 12,
      "page": 1,
      "sort": "offers",
      "title": "Aqui tem promoção todo dia"
    },
    {
      "autoplay": 2000,
      "page": 1,
      "title": "Mais Vendidos",
      "shuffle": true,
      "headless": false,
      "type": "collection-shelf",
      "limit": 12,
      "collection_id": null,
      "sort": "sales"
    },
    {
      "type": "collection-shelf",
      "shuffle": true,
      "limit": 12,
      "page": 1,
      "sort": "news",
      "title": "Lançamentos"
    },
    {
      "type": "collection-shelf",
      "shuffle": true,
      "limit": 12,
      "page": 1,
      "sort": "views",
      "title": "Destaques "
    }
  ],
  "meta_title": ""
}